{
  "project_info": {
    "project_number": "520117502508",
    "project_id": "dhivya-cafe-counter",
    "storage_bucket": "dhivya-cafe-counter.appspot.com"
  },
  "client": [
    {
      "client_info": {
        "mobilesdk_app_id": "1:520117502508:android:94cac1e6007ef99eee0789",
        "android_client_info": {
          "package_name": "com.example.foodpos_counter"
        }
      },
      "oauth_client": [],
      "api_key": [
        {
          "current_key": "AIzaSyB8xzSMmiyH6K36tOUtXqPIb_cQJUjWeeo"
        }
      ],
      "services": {
        "appinvite_service": {
          "other_platform_oauth_client": []
        }
      }
    }
  ],
  "configuration_version": "1"
}